Use Kowsi;
CREATE TABLE addresses (
    address_id INT,
    address varchar(255),
    CONSTRAINT addresses_pkey PRIMARY KEY (address_id)
);
CREATE TABLE categories (
    category_id INT NOT NULL,
    category_name VARCHAR(255) NOT NULL,
    CONSTRAINT categories_category_name_key UNIQUE (category_name),
    CONSTRAINT categories_pkey PRIMARY KEY (category_id)
    );
    CREATE TABLE customers (
    customer_id INT NOT NULL,
    customer_name VARCHAR(255) NOT NULL,
    CONSTRAINT customers_pkey PRIMARY KEY (customer_id)
);
CREATE TABLE departments (
    department_id INT  NOT NULL,
    department_name VARCHAR(255) NOT NULL,
    CONSTRAINT departments_department_name_key UNIQUE (department_name),
    CONSTRAINT departments_pkey PRIMARY KEY (department_id)
);
CREATE TABLE emails (
    email_id INT NOT NULL,
    email VARCHAR(255) NOT NULL,
    `domain` VARCHAR(255) NOT NULL,
    CONSTRAINT emails_pkey PRIMARY KEY (email_id)
);
CREATE TABLE employees (
    employee_id INT NOT NULL,
    first_name VARCHAR(255) NOT NULL,
    last_name VARCHAR(255) NOT NULL,
    department_id INT NOT NULL,
    CONSTRAINT employees_pkey PRIMARY KEY (employee_id)
);
CREATE TABLE orders (
    order_id INT NOT NULL,
    customer_id INT NULL,
    order_date DATE NOT NULL,
    amount DECIMAL(10, 2) NOT NULL,
    CONSTRAINT orders_pkey PRIMARY KEY (order_id)
);
CREATE TABLE project_tasks (
    task_id INT NOT NULL,
    project_id INT NULL,
    employee_id INT NULL,
    task_name VARCHAR(255) NOT NULL,
    start_date DATE NOT NULL,
    end_date DATE NOT NULL,
    status VARCHAR(50) NOT NULL,
    CONSTRAINT project_tasks_pkey PRIMARY KEY (task_id),
    CONSTRAINT project_tasks_status_check CHECK (status IN ('Completed', 'Pending'))
);
CREATE TABLE salaries (
    employee_id INT NOT NULL,
    salary DECIMAL(10, 2) NOT NULL,
    from_date DATE NOT NULL,
    to_date DATE NOT NULL,
    CONSTRAINT salaries_pkey PRIMARY KEY (employee_id, from_date)
);
CREATE TABLE products (
    product_id INT NOT NULL,
    product_name VARCHAR(255) NOT NULL,
    category_id INT NULL,
    CONSTRAINT products_pkey PRIMARY KEY (product_id),
    CONSTRAINT products_category_id_fkey FOREIGN KEY (category_id) REFERENCES categories(category_id)
);
CREATE TABLE projects (
    project_id INT NOT NULL,
    employee_id INT NULL,
    project_name VARCHAR(255) NOT NULL,
    start_date DATE NOT NULL,
    end_date DATE NOT NULL,
    CONSTRAINT project_pkey PRIMARY KEY (project_id),
    CONSTRAINT projects_employee_id_fkey FOREIGN KEY (employee_id) REFERENCES employees(employee_id)
);
CREATE TABLE returns (
    return_id INT NOT NULL,
    order_id INT NULL,
    return_date DATE NOT NULL,
    amount DECIMAL(10, 2) NOT NULL,
    CONSTRAINT returns_pkey PRIMARY KEY (return_id),
    CONSTRAINT returns_order_id_fkey FOREIGN KEY (order_id) REFERENCES orders(order_id)
);
CREATE TABLE sales (
    sale_id INT NOT NULL,
    product_id INT NULL,
    sale_date DATE NOT NULL,
    quantity INT NOT NULL,
    amount DECIMAL(10, 2) NOT NULL,
    CONSTRAINT sales_pkey PRIMARY KEY (sale_id),
    CONSTRAINT sales_product_id_fkey FOREIGN KEY (product_id) REFERENCES products(product_id)
);
ALTER TABLE customers
MODIFY customer_id INT NOT NULL AUTO_INCREMENT;

INSERT INTO customers(customer_name) VALUES
('John Doe'), ('Jane Smith'), ('Alice Johnson'), ('Robert Brown'),
('Michael Davis'), ('Julia Williams'), ('Emma Jones'), ('Oliver Taylor'),
('Liam Wilson'), ('Sophia Moore'), ('Mason Anderson'), ('Elijah Thomas'),
('Lucas Jackson'), ('Ava White'), ('Alexander Harris'), ('Emily Martin'),
('James King'), ('Charlotte Turner'), ('Benjamin Scott'), ('Amelia Clark'),
('Daniel Green'), ('Chloe Lewis'), ('Matthew Walker'), ('Harper Hall'),
('Jackson Allen'), ('Ella Young'), ('Sebastian Wright'), ('Grace Gonzalez'),
('Jack Hill'), ('Madison Adams'), ('Owen Nelson'), ('Isabella Carter'),
('Henry Mitchell'), ('Aiden Perez'), ('Mia Roberts'), ('Gabriel Martinez'),
('Samuel Edwards'), ('Jackson Collins'), ('Joshua Ramirez'), ('Luke Sanchez'),
('Isabelle Lee'), ('Hazel Perry'), ('Samuel Sanders'), ('Daniel Richardson'),
('Anthony Bailey'), ('William Wood'), ('Clark Moore'), ('Sophia Ward'),
('Jack Campbell'), ('Charlotte Murphy'), ('Liam Rivera'), ('Mason Cooper'),
('Joseph Bailey'), ('Alexander Bell'), ('Jackson Brooks'), ('Thomas Howard'),
('Michael Myers'), ('Ethan Price'), ('David Hughes'), ('John Foster'),
('James Bennett'), ('Benjamin Reed'), ('Ryan Richardson'), ('Elijah Stevens'),
('Matthew Carter'), ('Lucas Russell'), ('Logan Diaz'), ('Daniel Ramos'),
('Mason Torres'), ('Tony Mendoza'), ('Jacob Hayes'), ('James Sanders'),
('Christopher Jenkins'), ('Matthew Kelly'), ('Ethan Patterson'), ('Mason Carter'),
('Logan Ortiz'), ('Grace Bailey'), ('Henry Alexander'), ('John White'),
('Jack Harris'), ('Emma Turner'), ('Jacob Harris'), ('Nora Perry'),
('Luna Cooper'), ('James Taylor'), ('Matthew Parker'), ('Ryan Richardson'),
('Lucas Richardson'), ('Oliver Carter'), ('Jacob Perry'), ('Benjamin Sanders'),
('Christopher Brooks'), ('Lucas Miller'), ('Mason Ward'), ('Elijah Richardson'),
('Alexander Price'), ('Michael Hall'), ('Mason Griffin'), ('Elijah Thompson'),
('Daniel Rogers'), ('Gabriel Walker'), ('Joshua Garcia'), ('Bryson Flores'),
('Sophia Alexander'), ('Avery Hughes'), ('Scarlett Bryant'), ('Riley James'),
('Hudson Brooks'), ('Cameron Young'), ('Eliana Bennett'), ('Lillian Richardson'),
('Josiah Mitchell'), ('Genesis Nelson'), ('Eleanor Parker'), ('Asher Scott'),
('Kinsley Barnes'), ('Levi Cook'), ('Naomi Russell'), ('Nathan Pierce'),
('Zoe Hughes'), ('Logan Torres'), ('Adeline Hawkins'), ('Caleb Foster'),
('Madeline Ward'), ('Aaron Rice'), ('Ruby Sanders'), ('Madelyn Stevens'),
('Samuel Patterson'), ('Aria Chapman'), ('Isaac Edwards'), ('Allison Dawson'),
('Ariana Diaz'), ('Maya Brown'), ('Ellie Green'), ('Victoria Hoffman'),
('Chloe Smith'), ('Noah Myers'), ('Hannah Holmes'), ('Riley Cooper'),
('Stella Perry'), ('Ethan King'), ('Zoey Edwards'), ('Lucas Collins'),
('Lily Wright'), ('Matthew Baker'), ('Andrew Allen'), ('Eva Stewart'),
('Liam Gray'), ('Aiden Hill'), ('Nora Johnson'), ('Luke Peterson'),
('Zachary Cook'), ('Aurora Carlson'), ('Jackson Rivera'), ('Savannah Jenkins'),
('Henry Diaz'), ('Leo Walker'), ('Zoe Bennett'), ('Matthew Howard'),
('Eli Sullivan'), ('Hazel Thompson'), ('Lillian Price');

ALTER TABLE returns DROP FOREIGN KEY returns_order_id_fkey;
ALTER TABLE orders
MODIFY order_id INT NOT NULL AUTO_INCREMENT;
ALTER TABLE returns
ADD CONSTRAINT returns_order_id_fkey FOREIGN KEY (order_id) REFERENCES orders(order_id);

INSERT INTO orders (customer_id, order_date, amount) VALUES
(1, '2023-01-01', 100.00), (2, '2023-01-02', 200.00), (3, '2023-01-03', 150.00), (4, '2023-01-04', 250.00),
(5, '2023-01-05', 300.00), (6, '2023-01-06', 100.00), (7, '2023-01-07', 200.00), (8, '2023-01-08', 150.00),
(9, '2023-01-09', 250.00), (10, '2023-01-10', 300.00), (11, '2023-01-11', 100.00), (12, '2023-01-12', 200.00),
(13, '2023-01-13', 150.00), (14, '2023-01-14', 250.00), (15, '2023-01-15', 300.00), (16, '2023-01-16', 100.00),
(17, '2023-01-17', 200.00), (18, '2023-01-18', 150.00), (19, '2023-01-19', 250.00), (20, '2023-01-20', 300.00),
(21, '2023-01-21', 100.00), (22, '2023-01-22', 200.00), (23, '2023-01-23', 150.00), (24, '2023-01-24', 250.00),
(25, '2023-01-25', 300.00), (26, '2023-01-26', 100.00), (27, '2023-01-27', 200.00), (28, '2023-01-28', 150.00),
(29, '2023-01-29', 250.00), (30, '2023-01-30', 300.00), (31, '2023-01-31', 100.00), (32, '2023-02-01', 200.00),
(33, '2023-02-02', 150.00), (34, '2023-02-03', 250.00), (35, '2023-02-04', 300.00), (36, '2023-02-05', 100.00),
(37, '2023-02-06', 200.00), (38, '2023-02-07', 150.00), (39, '2023-02-08', 250.00), (40, '2023-02-09', 300.00),
(41, '2023-02-10', 100.00), (42, '2023-02-11', 200.00), (43, '2023-02-12', 150.00), (44, '2023-02-13', 250.00),
(45, '2023-02-14', 300.00), (46, '2023-02-15', 100.00), (47, '2023-02-16', 200.00), (48, '2023-02-17', 150.00),
(49, '2023-02-18', 250.00), (50, '2023-02-19', 300.00), (51, '2023-02-20', 100.00), (52, '2023-02-21', 200.00),
(53, '2023-02-22', 150.00), (54, '2023-02-23', 250.00), (55, '2023-02-24', 300.00), (56, '2023-02-25', 100.00),
(57, '2023-02-26', 200.00), (58, '2023-02-27', 150.00), (59, '2023-02-28', 250.00), (60, '2023-03-01', 300.00),
(61, '2023-03-02', 100.00), (62, '2023-03-03', 200.00), (63, '2023-03-04', 150.00), (64, '2023-03-05', 250.00),
(65, '2023-03-06', 300.00), (66, '2023-03-07', 100.00), (67, '2023-03-08', 200.00), (68, '2023-03-09', 150.00),
(69, '2023-03-10', 250.00), (70, '2023-03-11', 300.00), (71, '2023-03-12', 100.00), (72, '2023-03-13', 200.00),
(73, '2023-03-14', 150.00), (74, '2023-03-15', 250.00), (75, '2023-03-16', 300.00), (76, '2023-03-17', 100.00),
(77, '2023-03-18', 200.00), (78, '2023-03-19', 150.00), (79, '2023-03-20', 250.00), (80, '2023-03-21', 300.00),
(81, '2023-03-22', 100.00), (82, '2023-03-23', 200.00), (83, '2023-03-24', 150.00), (84, '2023-03-25', 250.00),
(85, '2023-03-26', 300.00), (86, '2023-03-27', 100.00), (87, '2023-03-28', 200.00), (88, '2023-03-29', 150.00),
(89, '2023-03-30', 250.00), (90, '2023-03-31', 300.00), (91, '2023-04-01', 100.00), (92, '2023-04-02', 200.00),
(93, '2023-04-03', 150.00), (94, '2023-04-04', 250.00), (95, '2023-04-05', 300.00), (96, '2023-04-06', 100.00),
(97, '2023-04-07', 200.00), (98, '2023-04-08', 150.00), (99, '2023-04-09', 250.00), (100, '2023-04-10', 300.00),
(101, '2023-04-11', 100.00), (102, '2023-04-12', 200.00), (103, '2023-04-13', 150.00), (104, '2023-04-14', 250.00),
(105, '2023-04-15', 300.00), (106, '2023-04-16', 100.00), (107, '2023-04-17', 200.00), (108, '2023-04-18', 150.00),
(109, '2023-04-19', 250.00), (110, '2023-04-20', 300.00), (111, '2023-04-21', 100.00), (112, '2023-04-22', 200.00),
(113, '2023-04-23', 150.00), (114, '2023-04-24', 250.00), (115, '2023-04-25', 300.00), (116, '2023-04-26', 100.00),
(117, '2023-04-27', 200.00), (118, '2023-04-28', 150.00), (119, '2023-04-29', 250.00), (120, '2023-04-30', 300.00),
(121, '2023-05-01', 100.00), (122, '2023-05-02', 200.00), (123, '2023-05-03', 150.00), (124, '2023-05-04', 250.00),
(125, '2023-05-05', 300.00), (126, '2023-05-06', 100.00), (127, '2023-05-07', 200.00), (128, '2023-05-08', 150.00),
(129, '2023-05-09', 250.00), (130, '2023-05-10', 300.00), (131, '2023-05-11', 100.00), (132, '2023-05-12', 200.00),
(133, '2023-05-13', 150.00), (134, '2023-05-14', 250.00), (135, '2023-05-15', 300.00), (136, '2023-05-16', 100.00),
(137, '2023-05-17', 200.00), (138, '2023-05-18', 150.00), (139, '2023-05-19', 250.00), (140, '2023-05-20', 300.00),
(141, '2023-05-21', 100.00), (142, '2023-05-22', 200.00), (143, '2023-05-23', 150.00), (144, '2023-05-24', 250.00),
(145, '2023-05-25', 300.00), (146, '2023-05-26', 100.00), (147, '2023-05-27', 200.00), (148, '2023-05-28', 150.00),
(149, '2023-05-29', 250.00), (150, '2023-05-30', 300.00);

ALTER TABLE returns MODIFY return_id INT NOT NULL AUTO_INCREMENT;

INSERT INTO returns (order_id, return_date, amount) VALUES
(1, '2023-01-05', 10.00),
(2, '2023-01-10', 20.00),
(3, '2023-01-11', 15.00),
(4, '2023-01-12', 25.00),
(5, '2023-01-13', 30.00),
(6, '2023-01-14', 10.00),
(7, '2023-01-15', 20.00),
(8, '2023-01-16', 15.00),
(9, '2023-01-17', 25.00),
(10, '2023-01-18', 30.00),
(11, '2023-01-19', 10.00),
(12, '2023-01-20', 20.00),
(13, '2023-01-21', 15.00),
(14, '2023-01-22', 25.00),
(15, '2023-01-23', 30.00),
(16, '2023-01-24', 10.00),
(17, '2023-01-25', 20.00),
(18, '2023-01-26', 15.00),
(19, '2023-01-27', 25.00),
(20, '2023-01-28', 30.00),
(21, '2023-01-29', 10.00),
(22, '2023-01-30', 20.00),
(23, '2023-01-31', 15.00),
(24, '2023-02-01', 25.00),
(25, '2023-02-02', 30.00),
(26, '2023-02-03', 10.00),
(27, '2023-02-04', 20.00),
(28, '2023-02-05', 15.00),
(29, '2023-02-06', 25.00),
(30, '2023-02-07', 30.00),
(31, '2023-02-08', 10.00),
(32, '2023-02-09', 20.00),
(33, '2023-02-10', 15.00),
(34, '2023-02-11', 25.00),
(35, '2023-02-12', 30.00),
(36, '2023-02-13', 10.00),
(37, '2023-02-14', 20.00),
(38, '2023-02-15', 15.00),
(39, '2023-02-16', 25.00),
(40, '2023-02-17', 30.00),
(41, '2023-02-18', 10.00),
(42, '2023-02-19', 20.00),
(43, '2023-02-20', 15.00),
(44, '2023-02-21', 25.00),
(45, '2023-02-22', 30.00),
(46, '2023-02-23', 10.00),
(47, '2023-02-24', 20.00),
(48, '2023-02-25', 15.00),
(49, '2023-02-26', 25.00),
(50, '2023-02-27', 30.00),
(51, '2023-02-28', 10.00),
(52, '2023-03-01', 20.00),
(53, '2023-03-02', 15.00),
(54, '2023-03-03', 25.00),
(55, '2023-03-04', 30.00),
(56, '2023-03-05', 10.00),
(57, '2023-03-06', 20.00),
(58, '2023-03-07', 15.00),
(59, '2023-03-08', 25.00),
(60, '2023-03-09', 30.00),
(61, '2023-03-10', 10.00),
(62, '2023-03-11', 20.00),
(63, '2023-03-12', 15.00),
(64, '2023-03-13', 25.00),
(65, '2023-03-14', 30.00),
(66, '2023-03-15', 10.00),
(67, '2023-03-16', 20.00),
(68, '2023-03-17', 15.00),
(69, '2023-03-18', 25.00),
(70, '2023-03-19', 30.00),
(71, '2023-03-20', 10.00),
(72, '2023-03-21', 20.00),
(73, '2023-03-22', 15.00),
(74, '2023-03-23', 25.00),
(75, '2023-03-24', 30.00),
(76, '2023-03-25', 10.00),
(77, '2023-03-26', 20.00),
(78, '2023-03-27', 15.00),
(79, '2023-03-28', 25.00),
(80, '2023-03-29', 30.00),
(81, '2023-03-30', 10.00),
(82, '2023-03-31', 20.00),
(83, '2023-04-01', 15.00),
(84, '2023-04-02', 25.00),
(85, '2023-04-03', 30.00),
(86, '2023-04-04', 10.00),
(87, '2023-04-05', 20.00),
(88, '2023-04-06', 15.00),
(89, '2023-04-07', 25.00),
(90, '2023-04-08', 30.00),
(91, '2023-04-09', 10.00),
(92, '2023-04-10', 20.00),
(93, '2023-04-11', 15.00),
(94, '2023-04-12', 25.00),
(95, '2023-04-13', 30.00),
(96, '2023-04-14', 10.00),
(97, '2023-04-15', 20.00),
(98, '2023-04-16', 15.00),
(99, '2023-04-17', 25.00),
(100, '2023-04-18', 30.00),
(101, '2023-04-19', 10.00),
(102, '2023-04-20', 20.00),
(103, '2023-04-21', 15.00),
(104, '2023-04-22', 25.00),
(105, '2023-04-23', 30.00),
(106, '2023-04-24', 10.00),
(107, '2023-04-25', 20.00),
(108, '2023-04-26', 15.00),
(109, '2023-04-27', 25.00),
(110, '2023-04-28', 30.00),
(111, '2023-04-29', 10.00),
(112, '2023-04-30', 20.00),
(113, '2023-05-01', 15.00),
(114, '2023-05-02', 25.00),
(115, '2023-05-03', 30.00),
(116, '2023-05-04', 10.00),
(117, '2023-05-05', 20.00),
(118, '2023-05-06', 15.00),
(119, '2023-05-07', 25.00),
(120, '2023-05-08', 30.00),
(121, '2023-05-09', 10.00),
(122, '2023-05-10', 20.00),
(123, '2023-05-11', 15.00),
(124, '2023-05-12', 25.00),
(125, '2023-05-13', 30.00),
(126, '2023-05-14', 10.00),
(127, '2023-05-15', 20.00),
(128, '2023-05-16', 15.00),
(129, '2023-05-17', 25.00),
(130, '2023-05-18', 30.00),
(131, '2023-05-19', 10.00),
(132, '2023-05-20', 20.00),
(133, '2023-05-21', 15.00),
(134, '2023-05-22', 25.00),
(135, '2023-05-23', 30.00),
(136, '2023-05-24', 10.00),
(137, '2023-05-25', 20.00),
(138, '2023-05-26', 15.00),
(139, '2023-05-27', 25.00),
(140, '2023-05-28', 30.00),
(141, '2023-05-29', 10.00),
(142, '2023-05-30', 20.00),
(143, '2023-05-31', 15.00),
(144, '2023-06-01', 25.00),
(145, '2023-06-02', 30.00),
(146, '2023-06-03', 10.00),
(147, '2023-06-04', 20.00),
(148, '2023-06-05', 15.00),
(149, '2023-06-06', 25.00),
(150, '2023-06-07', 30.00);

ALTER TABLE projects DROP FOREIGN KEY projects_employee_id_fkey;
ALTER TABLE employees MODIFY employee_id INT NOT NULL AUTO_INCREMENT;
ALTER TABLE projects
ADD CONSTRAINT projects_employee_id_fkey
FOREIGN KEY (employee_id) REFERENCES employees(employee_id);

INSERT INTO employees (first_name, last_name, department_id) VALUES
('John', 'Doe', 1), ('Jane', 'Smith', 2), ('Alice', 'Johnson', 1), ('Robert', 'Brown', 3),
('Michael', 'Davis', 2), ('Julia', 'Williams', 1), ('Emma', 'Jones', 2), ('Oliver', 'Taylor', 3),
('Liam', 'Wilson', 1), ('Sophia', 'Moore', 2), ('Mason', 'Anderson', 3), ('Elijah', 'Thomas', 1),
('Lucas', 'Jackson', 2), ('Ava', 'White', 3), ('Alexander', 'Harris', 1), ('Emily', 'Martin', 2),
('James', 'King', 3), ('Charlotte', 'Turner', 1), ('Benjamin', 'Scott', 2), ('Amelia', 'Clark', 3),
('Daniel', 'Green', 1), ('Chloe', 'Lewis', 2), ('Matthew', 'Walker', 3), ('Harper', 'Hall', 1),
('Jackson', 'Allen', 2), ('Ella', 'Young', 3), ('Sebastian', 'Wright', 1), ('Grace', 'Gonzalez', 2),
('Jack', 'Hill', 3), ('Madison', 'Adams', 1), ('Owen', 'Nelson', 2), ('Isabella', 'Carter', 3),
('Henry', 'Mitchell', 1), ('Aiden', 'Perez', 2), ('Mia', 'Roberts', 3), ('Gabriel', 'Martinez', 1),
('Samuel', 'Edwards', 2), ('Jackson', 'Collins', 3), ('Joshua', 'Ramirez', 1), ('Luke', 'Sanchez', 2),
('Isabelle', 'Lee', 3), ('Hazel', 'Perry', 1), ('Samuel', 'Sanders', 2), ('Daniel', 'Richardson', 3),
('Anthony', 'Bailey', 1), ('William', 'Wood', 2), ('Clark', 'Moore', 3), ('Sophia', 'Ward', 1),
('Jack', 'Campbell', 2), ('Charlotte', 'Murphy', 3), ('Liam', 'Rivera', 1), ('Mason', 'Cooper', 2),
('Joseph', 'Bailey', 3), ('Alexander', 'Bell', 1), ('Jackson', 'Brooks', 2), ('Thomas', 'Howard', 3),
('Michael', 'Myers', 1), ('Ethan', 'Price', 2), ('David', 'Hughes', 3), ('John', 'Foster', 1),
('James', 'Bennett', 2), ('Benjamin', 'Reed', 3), ('Ryan', 'Richardson', 1), ('Elijah', 'Stevens', 2),
('Matthew', 'Carter', 3), ('Lucas', 'Russell', 1), ('Logan', 'Diaz', 2), ('Daniel', 'Ramos', 3),
('Mason', 'Torres', 1), ('Tony', 'Mendoza', 2), ('Jacob', 'Hayes', 3), ('James', 'Sanders', 1),
('Christopher', 'Jenkins', 2), ('Matthew', 'Kelly', 3), ('Ethan', 'Patterson', 1), ('Mason', 'Carter', 2),
('Logan', 'Ortiz', 3), ('Grace', 'Bailey', 1), ('Henry', 'Alexander', 2), ('John', 'White', 3),
('Jack', 'Harris', 1), ('Emma', 'Turner', 2), ('Jacob', 'Harris', 3), ('Nora', 'Perry', 1),
('Luna', 'Cooper', 2), ('James', 'Taylor', 3), ('Matthew', 'Parker', 1), ('Ryan', 'Richardson', 2),
('Lucas', 'Richardson', 3), ('Oliver', 'Carter', 1), ('Jacob', 'Perry', 2), ('Benjamin', 'Sanders', 3),
('Christopher', 'Brooks', 1), ('Lucas', 'Miller', 2), ('Mason', 'Ward', 3), ('Elijah', 'Richardson', 1),
('Alexander', 'Price', 2), ('Michael', 'Hall', 3), ('Mason', 'Griffin', 1), ('Elijah', 'Thompson', 2),
('Daniel', 'Rogers', 3), ('Gabriel', 'Walker', 1), ('Joshua', 'Garcia', 2), ('Jacob', 'Robinson', 3),
('Nathan', 'Barnes', 1), ('Paul', 'Simmons', 2), ('Adam', 'Foster', 1), ('Ella', 'Sullivan', 2),
('Hannah', 'Turner', 3), ('Victoria', 'Rogers', 1), ('Sarah', 'Harris', 2), ('Lillian', 'Patterson', 3),
('Grace', 'Brooks', 1), ('Stella', 'Flores', 2), ('Megan', 'Brown', 3), ('Evelyn', 'Kelly', 1),
('Jose', 'Gonzalez', 2), ('Paul', 'Ward', 3), ('Max', 'Reed', 1), ('Thomas', 'Morris', 2),
('Roger', 'Hayes', 3), ('Julia', 'Wood', 1), ('Jessica', 'Morgan', 2), ('Lucia', 'Bell', 3),
('Angela', 'Perry', 1), ('Clara', 'Mills', 2), ('Lisa', 'Young', 3), ('Diana', 'Bailey', 1),
('Nina', 'Hughes', 2), ('Katie', 'Bryant', 3), ('Sofia', 'Ray', 1), ('Eleanor', 'Cole', 2),
('Madeline', 'Reyes', 3), ('Sydney', 'Barker', 1), ('Caroline', 'Kelley', 2), ('Willow', 'Henry', 3),
('Aaron', 'Campbell', 1), ('Tyler', 'Murphy', 2), ('Jack', 'Bush', 3), ('Kira', 'Foster', 1),
('Eva', 'Nelson', 2), ('Eden', 'Murphy', 3), ('Maxwell', 'King', 1), ('Henry', 'Ellis', 2),
('Henry', 'Ellis', 2), ('Maxwell', 'King', 1), ('Eva', 'Nelson', 2), ('Kira', 'Foster', 1),
('Jack', 'Bush', 3), ('Tyler', 'Murphy', 2);

ALTER TABLE departments
MODIFY department_id INT NOT NULL AUTO_INCREMENT;
INSERT INTO departments (department_name) VALUES ('Engineering'), ('Marketing'), ('Sales'), ('HR'), ('IT'), ('Finance'), ('R&D'), ('Operations'), ('Product Management'), ('Support');


INSERT INTO salaries (employee_id, salary, from_date, to_date) VALUES
(1,50000.00,'2022-01-01','2023-01-01'),
(2,60000.00,'2022-01-01','2023-01-01'),
(3,55000.00,'2022-01-01','2023-01-01'),
(4,65000.00,'2022-01-01','2023-01-01'),
(5,70000.00,'2022-01-01','2023-01-01'),
(6,48000.00,'2022-01-01','2023-01-01'),
(7,52000.00,'2022-01-01','2023-01-01'),
(8,59000.00,'2022-01-01','2023-01-01'),
(9,66000.00,'2022-01-01','2023-01-01'),
(10,61000.00,'2022-01-01','2023-01-01'),
(11,47000.00,'2022-01-01','2023-01-01'),
(12,63000.00,'2022-01-01','2023-01-01'),
(13,52000.00,'2022-01-01','2023-01-01'),
(14,68000.00,'2022-01-01','2023-01-01'),
(15,57000.00,'2022-01-01','2023-01-01'),
(16,45000.00,'2022-01-01','2023-01-01'),
(17,50000.00,'2022-01-01','2023-01-01'),
(18,51000.00,'2022-01-01','2023-01-01'),
(19,62000.00,'2022-01-01','2023-01-01'),
(20,43000.00,'2022-01-01','2023-01-01'),
(21,47000.00,'2022-01-01','2023-01-01'),
(22,59000.00,'2022-01-01','2023-01-01'),
(23,54000.00,'2022-01-01','2023-01-01'),
(24,57000.00,'2022-01-01','2023-01-01'),
(25,60000.00,'2022-01-01','2023-01-01'),
(26,48000.00,'2022-01-01','2023-01-01'),
(27,53000.00,'2022-01-01','2023-01-01'),
(28,64000.00,'2022-01-01','2023-01-01'),
(29,67000.00,'2022-01-01','2023-01-01'),
(30,58000.00,'2022-01-01','2023-01-01'),
(31,53000.00,'2022-01-01','2023-01-01'),
(32,66000.00,'2022-01-01','2023-01-01'),
(33,56000.00,'2022-01-01','2023-01-01'),
(34,45000.00,'2022-01-01','2023-01-01'),
(35,90000.00,'2022-01-01','2023-01-01'),
(36,46000.00,'2022-01-01','2023-01-01'),
(37,50100.00,'2022-01-01','2023-01-01'),
(38,45000.00,'2022-01-01','2023-01-01'),
(39,57000.00,'2022-01-01','2023-01-01'),
(40,57000.00,'2022-01-01','2023-01-01'),
(41,52000.00,'2022-01-01','2023-01-01'),
(42,55000.00,'2022-01-01','2023-01-01'),
(43,53000.00,'2022-01-01','2023-01-01'),
(44,49000.00,'2022-01-01','2023-01-01'),
(45,54000.00,'2022-01-01','2023-01-01'),
(46,53500.00,'2022-01-01','2023-01-01'),
(47,51000.00,'2022-01-01','2023-01-01'),
(48,60000.00,'2022-01-01','2023-01-01'),
(49,51000.00,'2022-01-01','2023-01-01'),
(50,55000.00,'2022-01-01','2023-01-01'),
(51,55000.00,'2022-01-01','2023-01-01'),
(52,53000.00,'2022-01-01','2023-01-01'),
(53,49000.00,'2022-01-01','2023-01-01'),
(54,54000.00,'2022-01-01','2023-01-01'),
(55,58000.00,'2022-01-01','2023-01-01'),
(56,65000.00,'2022-01-01','2023-01-01'),
(57,57000.00,'2022-01-01','2023-01-01'),
(58,54000.00,'2022-01-01','2023-01-01'),
(59,58000.00,'2022-01-01','2023-01-01'),
(60,52000.00,'2022-01-01','2023-01-01'),
(61,59000.00,'2022-01-01','2023-01-01'),
(62,60000.00,'2022-01-01','2023-01-01'),
(63,67000.00,'2022-01-01','2023-01-01'),
(64,50000.00,'2022-01-01','2023-01-01'),
(65,57000.00,'2022-01-01','2023-01-01'),
(66,50000.00,'2022-01-01','2023-01-01'),
(67,52000.00,'2022-01-01','2023-01-01'),
(68,54000.00,'2022-01-01','2023-01-01'),
(69,58000.00,'2022-01-01','2023-01-01'),
(70,42000.00,'2022-01-01','2023-01-01'),
(71,61000.00,'2022-01-01','2023-01-01'),
(72,50000.00,'2022-01-01','2023-01-01'),
(73,55000.00,'2022-01-01','2023-01-01'),
(74,48000.00,'2022-01-01','2023-01-01'),
(75,52000.00,'2022-01-01','2023-01-01'),
(76,60000.00,'2022-01-01','2023-01-01'),
(77,65000.00,'2022-01-01','2023-01-01'),
(78,62000.00,'2022-01-01','2023-01-01'),
(79,40000.00,'2022-01-01','2023-01-01'),
(80,45000.00,'2022-01-01','2023-01-01'),
(81,44000.00,'2022-01-01','2023-01-01'),
(82,57000.00,'2022-01-01','2023-01-01'),
(83,56000.00,'2022-01-01','2023-01-01'),
(84,47000.00,'2022-01-01','2023-01-01'),
(85,52000.00,'2022-01-01','2023-01-01'),
(86,46000.00,'2022-01-01','2023-01-01'),
(87,55000.00,'2022-01-01','2023-01-01'),
(88,45000.00,'2022-01-01','2023-01-01'),
(89,51000.00,'2022-01-01','2023-01-01'),
(90,53000.00,'2022-01-01','2023-01-01'),
(91,44000.00,'2022-01-01','2023-01-01'),
(92,52000.00,'2022-01-01','2023-01-01'),
(93,56000.00,'2022-01-01','2023-01-01'),
(94,48000.00,'2022-01-01','2023-01-01'),
(95,45000.00,'2022-01-01','2023-01-01'),
(96,57000.00,'2022-01-01','2023-01-01'),
(97,47000.00,'2022-01-01','2023-01-01'),
(98,53000.00,'2022-01-01','2023-01-01'),
(99,54000.00,'2022-01-01','2023-01-01'),
(100,60000.00,'2022-01-01','2023-01-01'),
(101,52000.00,'2022-01-01','2023-01-01'),
(102,60000.00,'2022-01-01','2023-01-01'),
(103,63000.00,'2022-01-01','2023-01-01'),
(104,54000.00,'2022-01-01','2023-01-01'),
(105,52000.00,'2022-01-01','2023-01-01'),
(106,48000.00,'2022-01-01','2023-01-01'),
(107,59000.00,'2022-01-01','2023-01-01'),
(108,63000.00,'2022-01-01','2023-01-01'),
(109,52000.00,'2022-01-01','2023-01-01'),
(110,54000.00,'2022-01-01','2023-01-01'),
(111,65000.00,'2022-01-01','2023-01-01'),
(112,60000.00,'2022-01-01','2023-01-01'),
(113,47000.00,'2022-01-01','2023-01-01'),
(114,48000.00,'2022-01-01','2023-01-01'),
(115,51000.00,'2022-01-01','2023-01-01'),
(116,53000.00,'2022-01-01','2023-01-01'),
(117,54000.00,'2022-01-01','2023-01-01'),
(118,47000.00,'2022-01-01','2023-01-01'),
(119,60000.00,'2022-01-01','2023-01-01'),
(120,56000.00,'2022-01-01','2023-01-01'),
(121,57000.00,'2022-01-01','2023-01-01'),
(122,51000.00,'2022-01-01','2023-01-01'),
(123,52000.00,'2022-01-01','2023-01-01'),
(124,47000.00,'2022-01-01','2023-01-01'),
(125,54000.00,'2022-01-01','2023-01-01'),
(126,53000.00,'2022-01-01','2023-01-01'),
(127,64000.00,'2022-01-01','2023-01-01'),
(128,47000.00,'2022-01-01','2023-01-01'),
(129,54000.00,'2022-01-01','2023-01-01'),
(130,51000.00,'2022-01-01','2023-01-01'),
(131,47000.00,'2022-01-01','2023-01-01'),
(132,44000.00,'2022-01-01','2023-01-01'),
(133,51000.00,'2022-01-01','2023-01-01'),
(134,56000.00,'2022-01-01','2023-01-01'),
(135,59000.00,'2022-01-01','2023-01-01'),
(136,70000.00,'2022-01-01','2023-01-01'),
(137,52000.00,'2022-01-01','2023-01-01'),
(138,61000.00,'2022-01-01','2023-01-01'),
(139,67000.00,'2022-01-01','2023-01-01'),
(140,54000.00,'2022-01-01','2023-01-01'),
(141,67000.00,'2022-01-01','2023-01-01'),
(142,46000.00,'2022-01-01','2023-01-01'),
(143,52000.00,'2022-01-01','2023-01-01'),
(144,54000.00,'2022-01-01','2023-01-01'),
(145,58000.00,'2022-01-01','2023-01-01'),
(146,60000.00,'2022-01-01','2023-01-01'),
(147,53000.00,'2022-01-01','2023-01-01'),
(148,61000.00,'2022-01-01','2023-01-01'),
(149,54000.00,'2022-01-01','2023-01-01'),
(150,58000.00,'2022-01-01','2023-01-01');

ALTER TABLE products DROP FOREIGN KEY products_category_id_fkey;
ALTER TABLE categories MODIFY category_id INT NOT NULL AUTO_INCREMENT;
INSERT INTO categories (category_name) VALUES ('Electronics'), ('Clothing'), ('Toys'), ('Furniture'), ('Books'), ('Appliances'), ('Sports'), ('Outdoor'), ('Gardening'), ('Automotive'), ('Health'), ('Beauty'), ('Grocery'), ('Office'), ('Tools');

ALTER TABLE sales DROP FOREIGN KEY sales_product_id_fkey;
ALTER TABLE products 
MODIFY product_id INT NOT NULL AUTO_INCREMENT;
ALTER TABLE sales 
ADD CONSTRAINT sales_product_id_fkey 
FOREIGN KEY (product_id) REFERENCES products(product_id);

INSERT INTO products (product_name, category_id) VALUES
('Laptop',1),('T-shirt',2),('Teddy Bear',3),('Sofa',4),('Novel',5),
('Smartphone',1),('Jacket',2),('Action Figure',3),('Desk',4),('Magazine',5),
('Tablet',1),('Jeans',2),('Puzzle',3),('Chair',4),('Textbook',5),
('Camera',1),('Sweater',2),('Doll',3),('Bed',4),('Comic Book',5),
('Microwave',6),('Running Shoes',7),('Tent',8),('Lawn Mower',9),('Car Wax',10),
('Vitamins',11),('Lipstick',12),('Pasta',13),('Notebook',14),('Hammer',15),
('Headphones',1),('Dress',2),('Board Game',3),('Coffee Table',4),('Educational Book',5),
('Smartwatch',1),('Trousers',2),('RC Car',3),('Bookshelf',4),('Encyclopedia',5),
('Fridge',6),('Basketball',7),('Camping Stove',8),('Garden Hose',9),('Car Battery',10),
('Protein Powder',11),('Face Cream',12),('Cereal',13),('Pen',14),('Screwdriver',15),
('Monitor',1),('Coat',2),('Robot',3),('Dining Table',4),('Dictionary',5),
('Oven',6),('Football',7),('Sleeping Bag',8),('Plant Pot',9),('Engine Oil',10),
('Fish Oil',11),('Shampoo',12),('Rice',13),('Paper',14),('Wrench',15),
('Printer',1),('Skirt',2),('Stuffed Animal',3),('Wardrobe',4),('Novel Set',5),
('Blender',6),('Tennis Racket',7),('Hiking Boots',8),('Fertilizer',9),('Spark Plug',10),
('Multivitamins',11),('Conditioner',12),('Bread',13),('Stapler',14),('Pliers',15),
('Mouse',1),('Hat',2),('Toy Car',3),('Cupboard',4),('Journal',5),
('Toaster',6),('Golf Clubs',7),('Tent Poles',8),('Seeds',9),('Tire Cleaner',10),
('Probiotics',11),('Body Lotion',12),('Juice',13),('File Folder',14),('Drill',15),
('Router',1),('Scarf',2),('Dollhouse',3),('TV Stand',4),('Cookbook',5),
('Washing Machine',6),('Bicycle',7),('Flashlight',8),('Garden Shears',9),('Brake Fluid',10),
('Zinc Supplements',11),('Eyeshadow',12),('Milk',13),('Highlighter',14),('Saw',15),
('USB Drive',1),('Socks',2),('Building Blocks',3),('Recliner',4),('Guidebook',5);

ALTER TABLE sales MODIFY sale_id INT NOT NULL AUTO_INCREMENT;
INSERT INTO sales (product_id, sale_date, quantity, amount) VALUES
(1,'2023-01-01',10,1000.00),(2,'2023-01-02',20,2000.00),(3,'2023-01-03',15,1500.00),
(4,'2023-01-04',25,2500.00),(5,'2023-01-05',30,3000.00),(6,'2023-01-06',40,4000.00),
(7,'2023-01-07',5,500.00),(8,'2023-01-08',55,5500.00),(9,'2023-01-09',17,1750.00),
(10,'2023-01-10',48,4800.00),(11,'2023-01-11',36,3600.00),(12,'2023-01-12',27,2700.00),
(13,'2023-01-13',8,800.00),(14,'2023-01-14',12,1200.00),(15,'2023-01-15',33,3300.00),
(16,'2023-01-16',21,2100.00),(17,'2023-01-17',9,950.00),(18,'2023-01-18',11,1100.00),
(19,'2023-01-19',43,4300.00),(20,'2023-01-20',18,1850.00),(21,'2023-01-21',22,2200.00),
(22,'2023-01-22',34,3450.00),(23,'2023-01-23',39,3900.00),(24,'2023-01-24',27,2750.00),
(25,'2023-01-25',41,4150.00),(26,'2023-01-26',34,3400.00),(27,'2023-01-27',31,3100.00),
(28,'2023-01-28',53,5300.00),(29,'2023-01-29',14,1400.00),(30,'2023-01-30',5,500.00),
(31,'2023-01-31',43,4300.00),(32,'2023-02-01',12,1250.00),(33,'2023-02-02',32,3200.00),
(34,'2023-02-03',23,2300.00),(35,'2023-02-04',91,9100.00),(36,'2023-02-05',6,600.00),
(37,'2023-02-06',10,1000.00),(38,'2023-02-07',45,4500.00),(39,'2023-02-08',7,700.00),
(40,'2023-02-09',13,1300.00),(41,'2023-02-10',27,2750.00),(42,'2023-02-11',34,3450.00),
(43,'2023-02-12',9,900.00),(44,'2023-02-13',8,800.00),(45,'2023-02-14',22,2200.00),
(46,'2023-02-15',13,1350.00),(47,'2023-02-16',34,3400.00),(48,'2023-02-17',22,2200.00),
(49,'2023-02-18',35,3500.00),(50,'2023-02-19',31,3100.00),(51,'2023-02-20',48,4800.00),
(52,'2023-02-21',43,4300.00),(53,'2023-02-22',21,2100.00),(54,'2023-02-23',19,1900.00),
(55,'2023-02-24',27,2700.00),(56,'2023-02-25',45,4500.00),(57,'2023-02-26',36,3600.00),
(58,'2023-02-27',15,1500.00),(59,'2023-02-28',11,1100.00),(60,'2023-03-01',22,2200.00),
(61,'2023-03-02',20,2000.00),(62,'2023-03-03',5,500.00),(63,'2023-03-04',15,1500.00),
(64,'2023-03-05',10,1000.00),(65,'2023-03-06',14,1400.00),(66,'2023-03-07',20,2000.00),
(67,'2023-03-08',34,3400.00),(68,'2023-03-09',25,2500.00),(69,'2023-03-10',8,800.00),
(70,'2023-03-11',17,1700.00),(71,'2023-03-12',22,2200.00),(72,'2023-03-13',19,1900.00),
(73,'2023-03-14',13,1300.00),(74,'2023-03-15',28,2800.00),(75,'2023-03-16',23,2300.00),
(76,'2023-03-17',32,3200.00),(77,'2023-03-18',10,1000.00),(78,'2023-03-19',31,3100.00),
(79,'2023-03-20',12,1200.00),(80,'2023-03-21',9,900.00),(81,'2023-03-22',7,700.00),
(82,'2023-03-23',38,3800.00),(83,'2023-03-24',22,2200.00),(84,'2023-03-25',14,1400.00),
(85,'2023-03-26',20,2000.00),(86,'2023-03-27',48,4800.00),(87,'2023-03-28',5,500.00),
(88,'2023-03-29',10,1000.00),(89,'2023-03-30',15,1500.00),(90,'2023-03-31',17,1700.00),
(91,'2023-04-01',22,2200.00),(92,'2023-04-02',31,3100.00),(93,'2023-04-03',9,900.00),
(94,'2023-04-04',8,800.00),(95,'2023-04-05',12,1200.00),(96,'2023-04-06',37,3700.00),
(97,'2023-04-07',27,2700.00),(98,'2023-04-08',14,1400.00),(99,'2023-04-09',15,1500.00),
(100,'2023-04-10',20,2000.00);

ALTER TABLE projects 
MODIFY COLUMN project_id INT NOT NULL AUTO_INCREMENT;
INSERT INTO projects (employee_id, project_name, start_date, end_date) VALUES
    (1, 'Project A', '2023-01-01', '2023-06-01'),
    (2, 'Project B', '2023-02-01', '2023-07-01'),
    (3, 'Project C', '2023-03-01', '2023-08-01'),
    (4, 'Project D', '2023-04-01', '2023-09-01'),
    (5, 'Project E', '2023-05-01', '2023-10-01'),
    (6, 'Project F', '2023-06-01', '2023-11-01'),
    (7, 'Project G', '2023-07-01', '2023-12-01'),
    (8, 'Project H', '2023-08-01', '2024-01-01'),
    (9, 'Project I', '2023-09-01', '2024-02-01'),
    (10, 'Project J', '2023-10-01', '2024-03-01'),
    (11, 'Project K', '2023-01-15', '2023-06-15'),
    (12, 'Project L', '2023-02-15', '2023-07-15'),
    (13, 'Project M', '2023-03-15', '2023-08-15'),
    (14, 'Project N', '2023-04-15', '2023-09-15'),
    (15, 'Project O', '2023-05-15', '2023-10-15'),
    (16, 'Project P', '2023-06-15', '2023-11-15'),
    (17, 'Project Q', '2023-07-15', '2023-12-15'),
    (18, 'Project R', '2023-08-15', '2024-01-15'),
    (19, 'Project S', '2023-09-15', '2024-02-15'),
    (20, 'Project T', '2023-10-15', '2024-03-15'),
    (21, 'Project U', '2023-01-20', '2023-06-20'),
    (22, 'Project V', '2023-02-20', '2023-07-20'),
    (23, 'Project W', '2023-03-20', '2023-08-20'),
    (24, 'Project X', '2023-04-20', '2023-09-20'),
    (25, 'Project Y', '2023-05-20', '2023-10-20'),
    (26, 'Project Z', '2023-06-20', '2023-11-20'),
    (27, 'Project AA', '2023-07-20', '2023-12-20'),
    (28, 'Project BB', '2023-08-20', '2024-01-20'),
    (29, 'Project CC', '2023-09-20', '2024-02-20'),
    (30, 'Project DD', '2023-10-20', '2024-03-20'),
    (31, 'Project EE', '2023-01-25', '2023-06-25'),
    (32, 'Project FF', '2023-02-25', '2023-07-25'),
    (33, 'Project GG', '2023-03-25', '2023-08-25'),
    (34, 'Project HH', '2023-04-25', '2023-09-25'),
    (35, 'Project II', '2023-05-25', '2023-10-25'),
    (36, 'Project JJ', '2023-06-25', '2023-11-25'),
    (37, 'Project KK', '2023-07-25', '2023-12-25'),
    (38, 'Project LL', '2023-08-25', '2024-01-25'),
    (39, 'Project MM', '2023-09-25', '2024-02-25'),
    (40, 'Project NN', '2023-10-25', '2024-03-25'),
    (41, 'Project OO', '2023-01-30', '2023-06-30'),
    (42, 'Project PP', '2023-02-28', '2023-07-30'),
    (43, 'Project QQ', '2023-03-30', '2023-08-30'),
    (44, 'Project RR', '2023-04-30', '2023-09-30'),
    (45, 'Project SS', '2023-05-30', '2023-10-30'),
    (46, 'Project TT', '2023-06-30', '2023-11-30'),
    (47, 'Project UU', '2023-07-30', '2023-12-30'),
    (48, 'Project VV', '2023-08-30', '2024-01-30'),
    (49, 'Project WW', '2023-09-30', '2024-02-29'),
    (50, 'Project XX', '2023-10-30', '2024-03-30'),
    (51, 'Project YY', '2023-01-05', '2023-06-05'),
    (52, 'Project ZZ', '2023-02-05', '2023-07-05'),
    (53, 'Project AAA', '2023-03-05', '2023-08-05'),
    (54, 'Project BBB', '2023-04-05', '2023-09-05'),
    (55, 'Project CCC', '2023-05-05', '2023-10-05'),
    (56, 'Project DDD', '2023-06-05', '2023-11-05'),
    (57, 'Project EEE', '2023-07-05', '2023-12-05'),
    (58, 'Project FFF', '2023-08-05', '2024-01-05'),
    (59, 'Project GGG', '2023-09-05', '2024-02-05'),
    (60, 'Project HHH', '2023-10-05', '2024-03-05'),
	(61, 'Project III', '2023-01-10', '2023-06-10'),
    (62, 'Project JJJ', '2023-02-10', '2023-07-10'),
    (63, 'Project KKK', '2023-03-10', '2023-08-10'),
    (64, 'Project LLL', '2023-04-10', '2023-09-10'),
    (65, 'Project MMM', '2023-05-10', '2023-10-10'),
    (66, 'Project NNN', '2023-06-10', '2023-11-10'),
    (67, 'Project OOO', '2023-07-10', '2023-12-10'),
    (68, 'Project PPP', '2023-08-10', '2024-01-10'),
    (69, 'Project QQQ', '2023-09-10', '2024-02-10'),
    (70, 'Project RRR', '2023-10-10', '2024-03-10'),
    (71, 'Project SSS', '2023-11-01', '2024-04-01'),
    (72, 'Project TTT', '2023-11-11', '2024-04-11'),
    (73, 'Project UUU', '2023-12-01', '2024-05-01'),
    (74, 'Project VVV', '2023-12-11', '2024-05-11'),
    (75, 'Project WWW', '2023-12-21', '2024-05-21'),
    (76, 'Project XXX', '2024-01-01', '2024-06-01'),
    (77, 'Project YYY', '2024-01-11', '2024-06-11'),
    (78, 'Project ZZZ', '2024-01-21', '2024-06-21'),
    (79, 'Project AAAA', '2024-02-01', '2024-07-01'),
    (80, 'Project BBBB', '2024-02-11', '2024-07-11'),
    (81, 'Project CCCC', '2024-02-21', '2024-07-21'),
    (82, 'Project DDDD', '2024-03-01', '2024-08-01'),
    (83, 'Project EEEE', '2024-03-11', '2024-08-11'),
    (84, 'Project FFFF', '2024-03-21', '2024-08-21'),
    (85, 'Project GGGG', '2024-04-01', '2024-09-01'),
    (86, 'Project HHHH', '2024-04-11', '2024-09-11'),
    (87, 'Project IIII', '2024-04-21', '2024-09-21'),
    (88, 'Project JJJJ', '2024-05-01', '2024-10-01'),
    (89, 'Project KKKK', '2024-05-11', '2024-10-11'),
    (90, 'Project LLLL', '2024-05-21', '2024-10-21'),
    (91, 'Project MMMM', '2024-06-01', '2024-11-01'),
    (92, 'Project NNNN', '2024-06-11', '2024-11-11'),
    (93, 'Project OOOO', '2024-06-21', '2024-11-21'),
    (94, 'Project PPPP', '2024-07-01', '2024-12-01'),
    (95, 'Project QQQQ', '2024-07-11', '2024-12-11'),
    (96, 'Project RRRR', '2024-07-21', '2024-12-21'),
    (97, 'Project SSSS', '2024-08-01', '2025-01-01'),
    (98, 'Project TTTT', '2024-08-11', '2025-01-11'),
    (99, 'Project UUUU', '2024-08-21', '2025-01-21'),
    (100, 'Project VVVV', '2024-09-01', '2025-02-01'),
    (101, 'Project WWWW', '2024-09-11', '2025-02-11'),
    (102, 'Project XXXX', '2024-09-21', '2025-02-21'),
    (103, 'Project YYYY', '2024-10-01', '2025-03-01'),
    (104, 'Project ZZZZ', '2024-10-11', '2025-03-11'),
    (105, 'Project AAAAA', '2024-10-21', '2025-03-21'),
    (106, 'Project BBBBB', '2024-11-01', '2025-04-01'),
    (107, 'Project CCCCC', '2024-11-11', '2025-04-11'),
    (108, 'Project DDDDD', '2024-11-21', '2025-04-21'),
    (109, 'Project EEEEE', '2024-12-01', '2025-05-01'),
    (110, 'Project FFFFF', '2024-12-11', '2025-05-11'),
    (111, 'Project GGGGG', '2024-12-21', '2025-05-21'),
    (112, 'Project HHHHH', '2025-01-01', '2025-06-01'),
    (113, 'Project IIIII', '2025-01-11', '2025-06-11'),
    (114, 'Project JJJJJ', '2025-01-21', '2025-06-21'),
    (115, 'Project KKKKK', '2025-02-01', '2025-07-01'),
    (116, 'Project LLLLL', '2025-02-11', '2025-07-11'),
    (117, 'Project MMMMM', '2025-02-21', '2025-07-21'),
    (118, 'Project NNNNN', '2025-03-01', '2025-08-01'),
    (119, 'Project OOOOO', '2025-03-11', '2025-08-11'),
    (120, 'Project PPPPP', '2025-03-21', '2025-08-21'),
    (121, 'Project QQQQQ', '2025-04-01', '2025-09-01'),
    (122, 'Project RRRRR', '2025-04-11', '2025-09-11'),
    (123, 'Project SSSSS', '2025-04-21', '2025-09-21'),
    (124, 'Project TTTTT', '2025-05-01', '2025-10-01'),
    (125, 'Project UUUUU', '2025-05-11', '2025-10-11'),
    (126, 'Project VVVVV', '2025-05-21', '2025-10-21'),
    (127, 'Project WWWWW', '2025-06-01', '2025-11-01'),
    (128, 'Project XXXXX', '2025-06-11', '2025-11-11'),
    (129, 'Project YYYYY', '2025-06-21', '2025-11-21'),
    (130, 'Project ZZZZZ', '2025-07-01', '2025-12-01'),
    (131, 'Project AAAAAA', '2025-07-11', '2025-12-11'),
    (132, 'Project BBBBBB', '2025-07-21', '2025-12-21'),
    (133, 'Project CCCCCC', '2025-08-01', '2026-01-01'),
    (134, 'Project DDDDDD', '2025-08-11', '2026-01-11'),
    (135, 'Project EEEEEE', '2025-08-21', '2026-01-21'),
    (136, 'Project FFFFFF', '2025-09-01', '2026-02-01'),
    (137, 'Project GGGGGG', '2025-09-11', '2026-02-11'),
    (138, 'Project HHHHHH', '2025-09-21', '2026-02-21'),
    (139, 'Project IIIIII', '2025-10-01', '2026-03-01'),
    (140, 'Project JJJJJJ', '2025-10-11', '2026-03-11'),
    (141, 'Project KKKKKK', '2025-10-21', '2026-03-21'),
    (142, 'Project LLLLLL', '2025-11-01', '2026-04-01'),
    (143, 'Project MMMMMM', '2025-11-11', '2026-04-11'),
    (144, 'Project NNNNNN', '2025-11-21', '2026-04-21'),
    (145, 'Project OOOOOO', '2025-12-01', '2026-05-01'),
    (146, 'Project PPPPPP', '2025-12-11', '2026-05-11'),
    (147, 'Project QQQQQQ', '2025-12-21', '2026-05-21'),
    (148, 'Project RRRRRR', '2026-01-01', '2026-06-01'),
    (149, 'Project SSSSSS', '2026-01-11', '2026-06-11'),
    (150, 'Project TTTTTT', '2026-01-21', '2026-06-21');

ALTER TABLE project_tasks 
MODIFY COLUMN task_id INT NOT NULL AUTO_INCREMENT;

INSERT INTO project_tasks (project_id, employee_id, task_name, start_date, end_date, status) VALUES
(1, 1, 'Task 1', '2023-01-02', '2023-01-11', 'Completed'),
(2, 2, 'Task 2', '2023-01-03', '2023-01-12', 'Pending'),
(3, 3, 'Task 3', '2023-01-04', '2023-01-13', 'Completed'),
(4, 4, 'Task 4', '2023-01-05', '2023-01-14', 'Pending'),
(5, 5, 'Task 5', '2023-01-06', '2023-01-15', 'Completed'),
(6, 6, 'Task 6', '2023-01-07', '2023-01-16', 'Pending'),
(7, 7, 'Task 7', '2023-01-08', '2023-01-17', 'Completed'),
(8, 8, 'Task 8', '2023-01-09', '2023-01-18', 'Pending'),
(9, 9, 'Task 9', '2023-01-10', '2023-01-19', 'Completed'),
(10, 10, 'Task 10', '2023-01-11', '2023-01-20', 'Pending'),
(11, 11, 'Task 11', '2023-01-12', '2023-01-21', 'Completed'),
(12, 12, 'Task 12', '2023-01-13', '2023-01-22', 'Pending'),
(13, 13, 'Task 13', '2023-01-14', '2023-01-23', 'Completed'),
(14, 14, 'Task 14', '2023-01-15', '2023-01-24', 'Pending'),
(15, 15, 'Task 15', '2023-01-16', '2023-01-25', 'Completed'),
(16, 16, 'Task 16', '2023-01-17', '2023-01-26', 'Pending'),
(17, 17, 'Task 17', '2023-01-18', '2023-01-27', 'Completed'),
(18, 18, 'Task 18', '2023-01-19', '2023-01-28', 'Pending'),
(19, 19, 'Task 19', '2023-01-20', '2023-01-28', 'Completed'),
(20, 20, 'Task 20', '2023-01-21', '2023-01-28', 'Pending'),
(21, 21, 'Task 21', '2023-01-22', '2023-01-28', 'Completed'),
(22, 22, 'Task 22', '2023-01-23', '2023-01-28', 'Pending'),
(23, 23, 'Task 23', '2023-01-24', '2023-01-28', 'Completed'),
(24, 24, 'Task 24', '2023-01-25', '2023-01-28', 'Pending'),
(25, 25, 'Task 25', '2023-01-26', '2023-01-28', 'Completed'),
(26, 26, 'Task 26', '2023-01-27', '2023-01-28', 'Pending'),
(27, 27, 'Task 27', '2023-01-28', '2023-01-28', 'Completed'),
(28, 28, 'Task 28', '2023-01-29', '2023-01-28', 'Pending'),
(29, 29, 'Task 29', '2023-01-30', '2023-01-28', 'Completed'),
(30, 30, 'Task 30', '2023-02-01', '2023-02-10', 'Pending'),
(31, 31, 'Task 31', '2023-02-02', '2023-02-11', 'Completed'),
(32, 32, 'Task 32', '2023-02-03', '2023-02-12', 'Pending'),
(33, 33, 'Task 33', '2023-02-04', '2023-02-13', 'Completed'),
(34, 34, 'Task 34', '2023-02-05', '2023-02-14', 'Pending'),
(35, 35, 'Task 35', '2023-02-06', '2023-02-15', 'Completed'),
(36, 36, 'Task 36', '2023-02-07', '2023-02-16', 'Pending'),
(37, 37, 'Task 37', '2023-02-08', '2023-02-17', 'Completed'),
(38, 38, 'Task 38', '2023-02-09', '2023-02-18', 'Pending'),
(39, 39, 'Task 39', '2023-02-10', '2023-02-19', 'Completed'),
(40, 40, 'Task 40', '2023-02-11', '2023-02-20', 'Pending'),
(41, 41, 'Task 41', '2023-02-12', '2023-02-21', 'Completed'),
(42, 42, 'Task 42', '2023-02-13', '2023-02-22', 'Pending'),
(43, 43, 'Task 43', '2023-02-14', '2023-02-23', 'Completed'),
(44, 44, 'Task 44', '2023-02-15', '2023-02-24', 'Pending'),
(45, 45, 'Task 45', '2023-02-16', '2023-02-25', 'Completed'),
(46, 46, 'Task 46', '2023-02-17', '2023-02-26', 'Pending'),
(47, 47, 'Task 47', '2023-02-18', '2023-02-27', 'Completed'),
(48, 48, 'Task 48', '2023-02-19', '2023-02-28', 'Pending'),
(49, 49, 'Task 49', '2023-02-20', '2023-02-28', 'Completed'),
(50, 50, 'Task 50', '2023-02-21', '2023-02-28', 'Pending'),
(51, 51, 'Task 51', '2023-02-22', '2023-02-28', 'Completed'),
(52, 52, 'Task 52', '2023-02-23', '2023-02-28', 'Pending'),
(53, 53, 'Task 53', '2023-02-24', '2023-02-28', 'Completed'),
(54, 54, 'Task 54', '2023-02-25', '2023-02-28', 'Pending'),
(55, 55, 'Task 55', '2023-02-26', '2023-02-28', 'Completed'),
(56, 56, 'Task 56', '2023-02-27', '2023-02-28', 'Pending'),
(57, 57, 'Task 57', '2023-02-28', '2023-02-28', 'Completed'),
(58, 58, 'Task 58', '2023-02-28', '2023-03-09', 'Pending'),
(59, 59, 'Task 59', '2023-03-01', '2023-03-10', 'Completed'),
(60, 60, 'Task 60', '2023-03-01', '2023-03-10', 'Pending'),
(61, 61, 'Task 61', '2023-03-02', '2023-03-11', 'Completed'),
(62, 62, 'Task 62', '2023-03-03', '2023-03-12', 'Pending'),
(63, 63, 'Task 63', '2023-03-04', '2023-03-13', 'Completed'),
(64, 64, 'Task 64', '2023-03-05', '2023-03-14', 'Pending'),
(65, 65, 'Task 65', '2023-03-06', '2023-03-15', 'Completed'),
(66, 66, 'Task 66', '2023-03-07', '2023-03-16', 'Pending'),
(67, 67, 'Task 67', '2023-03-08', '2023-03-17', 'Completed'),
(68, 68, 'Task 68', '2023-03-09', '2023-03-18', 'Pending'),
(69, 69, 'Task 69', '2023-03-10', '2023-03-19', 'Completed'),
(70, 70, 'Task 70', '2023-03-11', '2023-03-20', 'Pending'),
(71, 71, 'Task 71', '2023-03-12', '2023-03-21', 'Completed'),
(72, 72, 'Task 72', '2023-03-13', '2023-03-22', 'Pending'),
(73, 73, 'Task 73', '2023-03-14', '2023-03-23', 'Completed'),
(74, 74, 'Task 74', '2023-03-15', '2023-03-24', 'Pending'),
(75, 75, 'Task 75', '2023-03-16', '2023-03-25', 'Completed'),
(76, 76, 'Task 76', '2023-03-17', '2023-03-26', 'Pending'),
(77, 77, 'Task 77', '2023-03-18', '2023-03-27', 'Completed'),
(78, 78, 'Task 78', '2023-03-19', '2023-03-28', 'Pending'),
(79, 79, 'Task 79', '2023-03-20', '2023-03-28', 'Completed'),
(80, 80, 'Task 80', '2023-03-21', '2023-03-28', 'Pending'),
(81, 81, 'Task 81', '2023-03-22', '2023-03-28', 'Completed'),
(82, 82, 'Task 82', '2023-03-23', '2023-03-28', 'Pending'),
(83, 83, 'Task 83', '2023-03-24', '2023-03-28', 'Completed'),
(84, 84, 'Task 84', '2023-03-25', '2023-03-28', 'Pending'),
(85, 85, 'Task 85', '2023-03-26', '2023-03-28', 'Completed'),
(86, 86, 'Task 86', '2023-03-27', '2023-03-28', 'Pending'),
(87, 87, 'Task 87', '2023-03-28', '2023-03-28', 'Completed'),
(88, 88, 'Task 88', '2023-03-29', '2023-03-28', 'Pending'),
(89, 89, 'Task 89', '2023-03-30', '2023-03-28', 'Completed'),
(90, 90, 'Task 90', '2023-04-01', '2023-04-10', 'Pending'),
(91, 91, 'Task 91', '2023-04-02', '2023-04-11', 'Completed'),
(92, 92, 'Task 92', '2023-04-03', '2023-04-12', 'Pending'),
(93, 93, 'Task 93', '2023-04-04', '2023-04-13', 'Completed'),
(94, 94, 'Task 94', '2023-04-05', '2023-04-14', 'Pending'),
(95, 95, 'Task 95', '2023-04-06', '2023-04-15', 'Completed'),
(96, 96, 'Task 96', '2023-04-07', '2023-04-16', 'Pending'),
(97, 97, 'Task 97', '2023-04-08', '2023-04-17', 'Completed'),
(98, 98, 'Task 98', '2023-04-09', '2023-04-18', 'Pending'),
(99, 99, 'Task 99', '2023-04-10', '2023-04-19', 'Completed'),
(100, 100, 'Task 100', '2023-04-11', '2023-04-20', 'Pending'),
(101, 101, 'Task 101', '2023-04-12', '2023-04-21', 'Completed'),
(102, 102, 'Task 102', '2023-04-13', '2023-04-22', 'Pending'),
(103, 103, 'Task 103', '2023-04-14', '2023-04-23', 'Completed'),
(104, 104, 'Task 104', '2023-04-15', '2023-04-24', 'Pending'),
(105, 105, 'Task 105', '2023-04-16', '2023-04-25', 'Completed'),
(106, 106, 'Task 106', '2023-04-17', '2023-04-26', 'Pending'),
(107, 107, 'Task 107', '2023-04-18', '2023-04-27', 'Completed'),
(108, 108, 'Task 108', '2023-04-19', '2023-04-28', 'Pending'),
(109, 109, 'Task 109', '2023-04-20', '2023-04-28', 'Completed'),
(110, 110, 'Task 110', '2023-04-21', '2023-04-28', 'Pending'),
(111, 111, 'Task 111', '2023-04-22', '2023-04-28', 'Completed'),
(112, 112, 'Task 112', '2023-04-23', '2023-04-28', 'Pending'),
(113, 113, 'Task 113', '2023-04-24', '2023-04-28', 'Completed'),
(114, 114, 'Task 114', '2023-04-25', '2023-04-28', 'Pending'),
(115, 115, 'Task 115', '2023-04-26', '2023-04-28', 'Completed'),
(116, 116, 'Task 116', '2023-04-27', '2023-04-28', 'Pending'),
(117, 117, 'Task 117', '2023-04-28', '2023-04-28', 'Completed'),
(118, 118, 'Task 118', '2023-04-29', '2023-04-28', 'Pending'),
(119, 119, 'Task 119', '2023-04-30', '2023-04-28', 'Completed'),
(120, 120, 'Task 120', '2023-05-01', '2023-05-10', 'Pending'),
(121, 121, 'Task 121', '2023-05-02', '2023-05-11', 'Completed'),
(122, 122, 'Task 122', '2023-05-03', '2023-05-12', 'Pending'),
(123, 123, 'Task 123', '2023-05-04', '2023-05-13', 'Completed'),
(124, 124, 'Task 124', '2023-05-05', '2023-05-14', 'Pending'),
(125, 125, 'Task 125', '2023-05-06', '2023-05-15', 'Completed'),
(126, 126, 'Task 126', '2023-05-07', '2023-05-16', 'Pending'),
(127, 127, 'Task 127', '2023-05-08', '2023-05-17', 'Completed'),
(128, 128, 'Task 128', '2023-05-09', '2023-05-18', 'Pending'),
(129, 129, 'Task 129', '2023-05-10', '2023-05-19', 'Completed'),
(130, 130, 'Task 130', '2023-05-11', '2023-05-20', 'Pending'),
(131, 131, 'Task 131', '2023-05-12', '2023-05-21', 'Completed'),
(132, 132, 'Task 132', '2023-05-13', '2023-05-22', 'Pending'),
(133, 133, 'Task 133', '2023-05-14', '2023-05-23', 'Completed'),
(134, 134, 'Task 134', '2023-05-15', '2023-05-24', 'Pending'),
(135, 135, 'Task 135', '2023-05-16', '2023-05-25', 'Completed'),
(136, 136, 'Task 136', '2023-05-17', '2023-05-26', 'Pending'),
(137, 137, 'Task 137', '2023-05-18', '2023-05-27', 'Completed'),
(138, 138, 'Task 138', '2023-05-19', '2023-05-28', 'Pending'),
(139, 139, 'Task 139', '2023-05-20', '2023-05-28', 'Completed'),
(140, 140, 'Task 140', '2023-05-21', '2023-05-28', 'Pending'),
(141, 141, 'Task 141', '2023-05-22', '2023-05-28', 'Completed'),
(142, 142, 'Task 142', '2023-05-23', '2023-05-28', 'Pending'),
(143, 143, 'Task 143', '2023-05-24', '2023-05-28', 'Completed'),
(144, 144, 'Task 144', '2023-05-25', '2023-05-28', 'Pending'),
(145, 145, 'Task 145', '2023-05-26', '2023-05-28', 'Completed'),
(146, 146, 'Task 146', '2023-05-27', '2023-05-28', 'Pending'),
(147, 147, 'Task 147', '2023-05-28', '2023-05-28', 'Completed'),
(148, 148, 'Task 148', '2023-05-29', '2023-05-28', 'Pending'),
(149, 149, 'Task 149', '2023-05-30', '2023-05-28', 'Completed'),
(150, 150, 'Task 150', '2023-06-01', '2023-06-10', 'Pending');

ALTER TABLE addresses
MODIFY address_id INT NOT NULL AUTO_INCREMENT;

INSERT INTO addresses (address) VALUES
('9, abc | Chennai | 6000'),
('10, xyz | Mumbai | 4000'),
('12, def | Delhi | 1100'),
('15, ghi | Pune | 4110'),
('20, jkl | Bangalore | 5600'),
('25, mno | Hyderabad | 5000'),
('30, pqr | Kolkata | 7000'),
('35, stu | Chennai | 6000'),
('40, vwx | Mumbai | 4000'),
('45, yz | Delhi | 1100'),
('50, abc | Kanpur | 2080'),
('55, xyz | Meerut | 2500'),
('60, def | Lucknow | 2260'),
('65, ghi | Agra | 2820'),
('70, jkl | Varanasi | 2210'),
('75, mno | Bareilly | 2430'),
('80, pqr | Allahabad | 2110'),
('85, stu | Gorakhpur | 2730'),
('90, vwx | Aligarh | 2020'),
('95, yz | Noida | 2010'),
('100, abc | Ghaziabad | 2010'),
('105, xyz | Raebareli | 2290'),
('110, def | Kanpur | 2080'),
('115, ghi | Meerut | 2500'),
('120, jkl | Lucknow | 2260'),
('125, mno | Agra | 2820'),
('130, pqr | Varanasi | 2210'),
('135, stu | Bareilly | 2430'),
('140, vwx | Allahabad | 2110'),
('145, yz | Gorakhpur | 2730'),
('150, xyz | Aligarh | 2020');

ALTER TABLE emails MODIFY COLUMN email_id INT NOT NULL AUTO_INCREMENT;

INSERT INTO emails (email, domain) VALUES
('abc', '@gmail.com'),
('xyz', '@yahoo.com'),
('def', '@hotmail.com'),
('ghi', '@outlook.com'),
('jkl', '@example.com'),
('mno', '@gmail.com'),
('pqr', '@yahoo.com'),
('stu', '@hotmail.com'),
('vwx', '@outlook.com'),
('yz', '@example.com'),
('abc123', '@mail.com'),
('xyz456', '@web.com'),
('def789', '@pop.com'),
('ghi101', '@net.com'),
('jkl202', '@info.com'),
('mno303', '@mail.com'),
('pqr404', '@web.com'),
('stu505', '@pop.com'),
('vwx606', '@net.com'),
('yz707', '@info.com'),
('abc808', '@mail.com'),
('xyz909', '@web.com'),
('def010', '@pop.com'),
('ghi111', '@net.com'),
('jkl212', '@info.com'),
('mno313', '@mail.com'),
('pqr414', '@web.com'),
('stu515', '@pop.com'),
('vwx616', '@net.com'),
('yz717', '@info.com'),
('abc818', '@mail.com'),
('xyz919', '@web.com'),
('def022', '@pop.com'),
('ghi121', '@net.com'),
('jkl224', '@info.com'),
('mno323', '@mail.com'),
('pqr424', '@web.com'),
('stu525', '@pop.com'),
('vwx626', '@net.com'),
('yz727', '@info.com'),
('abc828', '@mail.com'),
('xyz929', '@web.com'),
('def032', '@pop.com'),
('ghi131', '@net.com'),
('jkl232', '@info.com'),
('mno333', '@mail.com'),
('pqr434', '@web.com'),
('stu535', '@pop.com'),
('vwx636', '@net.com'),
('yz737', '@info.com'),
('abc838', '@mail.com'),
('xyz939', '@web.com'),
('def042', '@pop.com'),
('ghi141', '@net.com'),
('jkl242', '@info.com'),
('mno343', '@mail.com'),
('pqr444', '@web.com'),
('stu545', '@pop.com'),
('vwx646', '@net.com'),
('yz747', '@info.com'),
('abc858', '@mail.com'),
('xyz959', '@web.com'),
('def062', '@pop.com'),
('ghi161', '@net.com'),
('jkl262', '@info.com'),
('mno363', '@mail.com'),
('pqr464', '@web.com'),
('stu565', '@pop.com'),
('vwx666', '@net.com'),
('yz767', '@info.com'),
('abc878', '@mail.com'),
('xyz979', '@web.com'),
('def082', '@pop.com'),
('ghi181', '@net.com'),
('jkl282', '@info.com'),
('mno383', '@mail.com'),
('pqr484', '@web.com'),
('stu585', '@pop.com'),
('vwx686', '@net.com'),
('yz787', '@info.com'),
('abc898', '@mail.com'),
('xyz999', '@web.com'),
('def102', '@pop.com'),
('ghi201', '@net.com'),
('jkl302', '@info.com'),
('mno403', '@mail.com'),
('pqr504', '@web.com'),
('stu605', '@pop.com'),
('vwx706', '@net.com'),
('yz807', '@info.com'),
('abc220', '@mail.com'),
('xyz321', '@web.com'),
('def422', '@pop.com'),
('ghi523', '@net.com'),
('jkl624', '@info.com'),
('mno725', '@mail.com'),
('pqr826', '@web.com'),
('stu927', '@pop.com'),
('vwx028', '@net.com'),
('yz232', '@info.com');

select * from project_tasks;
select * from employees;
select * from employees;
SELECT 
    e.department_id,
    MAX(s.salary) AS highest_salary
FROM 
    salaries s
JOIN 
    employees e ON s.employee_id = e.employee_id
GROUP BY 
    e.department_id;
    
    SELECT 
    category_name,
    product_name,
    total_sales
FROM (
    SELECT 
        c.category_id,
        c.category_name,
        p.product_id,
        p.product_name,
        SUM(s.amount) AS total_sales
    FROM 
        sales s
    JOIN 
        products p ON s.product_id = p.product_id
    JOIN 
        categories c ON p.category_id = c.category_id
    GROUP BY 
        c.category_id, c.category_name, p.product_id, p.product_name
) AS category_product_sales
WHERE (
    SELECT COUNT(*)
    FROM (
        SELECT 
            p2.product_id,
            SUM(s2.amount) AS total_sales
        FROM 
            sales s2
        JOIN 
            products p2 ON s2.product_id = p2.product_id
        WHERE 
            p2.category_id = category_product_sales.category_id
        GROUP BY 
            p2.product_id
        HAVING 
            SUM(s2.amount) > category_product_sales.total_sales
    ) AS higher_sales
) < 3
ORDER BY 
    category_name,
    total_sales DESC;
    
    SELECT 
    project_id,
    project_name,
    start_date,
    LEAD(start_date) OVER (ORDER BY start_date) AS next_project_start_date
FROM 
    projects;
    
    
    SELECT 
    address,
    SUBSTRING_INDEX(address, ' ', -1) AS zip_code
FROM 
    addresses;
    
    SELECT 
    CONCAT(email, domain) AS full_email
FROM 
    emails;
    
    WITH customer_totals AS (
    SELECT 
        o.customer_id,
        SUM(o.amount) AS total_order_amount,
        COALESCE(SUM(r.amount), 0) AS total_returned_amount
    FROM 
        orders o
    LEFT JOIN 
        returns r ON o.order_id = r.order_id
    GROUP BY 
        o.customer_id
),
percentages AS (
    SELECT 
        customer_id,
        total_order_amount,
        total_returned_amount,
        ROUND((total_returned_amount / total_order_amount) * 100, 2) AS return_percentage
    FROM 
        customer_totals
)
SELECT 
    customer_id,
    total_order_amount,
    total_returned_amount,
    return_percentage,
    RANK() OVER (ORDER BY return_percentage DESC) AS rank_by_return
FROM 
    percentages;
    
    
    -- Step 1: Calculate company-wide average salary
WITH company_avg AS (
    SELECT AVG(salary) AS avg_salary
    FROM salaries
),

-- Step 2: Calculate average salary per department
dept_avg AS (
    SELECT 
        e.department_id,
        AVG(s.salary) AS dept_avg_salary
    FROM 
        salaries s
    JOIN 
        employees e ON s.employee_id = e.employee_id
    GROUP BY 
        e.department_id
)

-- Step 3: Filter departments above company average
SELECT 
    d.department_id,
    d.department_name,
    da.dept_avg_salary
FROM 
    dept_avg da
JOIN 
    company_avg ca ON 1=1
JOIN 
    departments d ON d.department_id = da.department_id
WHERE 
    da.dept_avg_salary > ca.avg_salary;
    
    
    SELECT 
    d.department_name,
    COUNT(e.employee_id) AS num_employees
FROM 
    departments d
LEFT JOIN 
    employees e ON d.department_id = e.department_id
GROUP BY 
    d.department_name;
    
    
    
    
    
    
    
    
    
    
    
    
    
    
DESCRIBE employees;
ALTER TABLE employees ADD COLUMN salary DECIMAL(10,2);
-- Example if you had a salaries table
SELECT 
    d.department_name,
    ROUND(AVG(s.salary), 2) AS average_salary
FROM 
    employees e
JOIN 
    departments d ON e.department_id = d.department_id
JOIN 
    salaries s ON e.employee_id = s.employee_id
GROUP BY 
    d.department_name;


SELECT 
    c.category_name,
    SUM(s.quantity) AS total_quantity_sold
FROM 
    sales s
JOIN 
    products p ON s.product_id = p.product_id
JOIN 
    categories c ON p.category_id = c.category_id
GROUP BY 
    c.category_name;


SHOW TABLES;
SELECT * FROM projects WHERE end_date IS NULL;
SELECT 
    p.project_id, 
    p.project_name, 
    p.employee_id, 
    e.employee_id AS emp_match
FROM 
    projects p
LEFT JOIN employees e ON p.employee_id = e.employee_id;

SELECT 
    CONCAT(e.first_name, ' ', e.last_name) AS employee_name,
    p.project_name
FROM 
    employees e
JOIN 
    projects p ON e.employee_id = p.employee_id
WHERE 
    p.end_date IS NULL;
    
    SELECT 
    address,
    COUNT(*) AS number_of_addresses
FROM 
    addresses
GROUP BY 
    address;
    
    SELECT DISTINCT
    CONCAT(email, domain) AS full_email
FROM 
    emails;



DESCRIBE customers;
SELECT 
    c.customer_name,
    SUM(r.amount) AS total_return_amount
FROM 
    returns r
JOIN 
    orders o ON r.order_id = o.order_id
JOIN 
    customers c ON o.customer_id = c.customer_id
GROUP BY 
    c.customer_name;


Describe employees;

SELECT employee_id, first_name, last_name, salary FROM employees;
SELECT AVG(salary) AS avg_salary FROM employees;


SELECT 
    e.employee_id,
    CONCAT(e.first_name, ' ', e.last_name) AS employee_name,
    s.salary
FROM 
    employees e
JOIN 
    salaries s ON e.employee_id = s.employee_id
WHERE 
    s.salary > (
        SELECT AVG(s2.salary)
        FROM salaries s2
    );




SELECT 
    d.department_name,
    COUNT(p.project_id) AS active_project_count
FROM 
    projects p
JOIN 
    employees e ON p.employee_id = e.employee_id
JOIN 
    departments d ON e.department_id = d.department_id
WHERE 
    p.end_date IS NULL
GROUP BY 
    d.department_name
ORDER BY 
    active_project_count DESC;



